Key,Smiles,ImagePath
P001,CN(C/C=C/C(=O)N1C[C@H](CC1)OC(=O)N1CCC(CC1)NC1=CC(=NC=2N1N=CC2C(C)C)C)C,./images/P001.png
P002,C(C)(C)C=1C=NN2C1N=C(C=C2NC2CCN(CC2)C(=O)O[C@H]2CN(CC2)C(\C=C\CN(C)C)=O)C,./images/P002.png
P003,Cl.CN(C/C=C/C(=O)N1C[C@H](CC1)OC(=O)N1CCC(CC1)NC1=CC(=NC=2N1N=C(C2)C(C)C)C)C,./images/P003.png
P004,NC=1C=C(C=CC1)C1=NC(=NC=C1)NC1=CC=C(C=C1)OCCOC,./images/P004.png
P005,C(C)N(C(C)=O)C1=CC(=CC=C1)C1=NC(=NC=C1)NC1=CC=C(C=C1)O,./images/P005.png
P006,OC1=CC=C(C=C1)NC1=NC=CC(=N1)C=1C=C(C=CC1)NC(C)=O,./images/P006.png
P007,N1(C=NC=C1)CC=1C=C(C=CC1)C1=NC(=NC=C1)NC1=CC(=CC=C1)[N+](=O)[O-],./images/P007.png
P008,COC1=CC=C(C=N1)NC1=NC=CC(=N1)C1=CC(=CC=C1)CN1CCN(CC1)C,./images/P008.png
P009,COC1=CC=C(C=C1)C1=NC(=NC=C1)NC=1C=C(C=CC1)O,./images/P009.png
P010,CN(C)CC=1C=C(C=CC1)C1=NC(=NC=C1)NC=1C=C(C=CC1)O,./images/P010.png
P011,CN(C)CC=1C=C(C=CC1)C1=NC(=NC=C1)NC1=CC=C(C=C1)N1CCOCC1,./images/P011.png
P012,CN(C)CC=1C=C(C=CC1)C1=NC(=NC=C1)C1=C(C=NC(=C1)OC)N,./images/P012.png
P013,CC=1SC(=C(N1)C)C1=NC(=NC=C1)C1=NC=CC=C1,./images/P013.png
P014,COC1=CC=C(C=N1)NC1=NC=CC(=N1)C1=C(N=C(S1)NC)C,./images/P014.png
P015,ClC1=CC=C(C=N1)NC1=NC=CC(=N1)C1=C(N=C(S1)NC)C,./images/P015.png
P016,CN(C=1SC(=C(N1)C)C1=NC(=NC=C1)NC=1C=NC(=CC1)OC)C,./images/P016.png
P017,C(C)NC=1SC(=C(N1)C)C1=NC(=NC=C1)NC=1C=NC(=CC1)OC,./images/P017.png
P018,COCCNC=1SC(=C(N1)C)C1=NC(=NC=C1)NC=1C=NC(=CC1)OC,./images/P018.png
P019,COC1=CC=C(C=N1)NC1=NC=CC(=N1)C1=C(N=C(S1)N1CCOCC1)C,./images/P019.png
P020,O1C2=C(OCCC1)C=C(C=C2)NC2=NC=CC(=N2)C=2C(=C1N(CCNC1=O)C2C)C,./images/P020.png
P021,ClC=1C=C(C=CC1)NC1=NC=CC(=N1)C1=C2C=CNC2=CC=C1,./images/P021.png
P022,ClC=1C=C(C=CC1)NC1=NC=CC(=N1)C1=C2C=CN(C2=CC=C1)CCCO,./images/P022.png
P023,NCCCN1C=CC2=C(C=CC=C12)C1=NC(=NC=C1)NC1=CC(=CC=C1)Cl,./images/P023.png
P024,ClC=1C=C(C=CC1)NC1=NC=CC(=N1)C=1C(=NC=CC1)NCCCNC(C)=O,./images/P024.png
P025,ClC=1C=C(C=CC1)NC1=NC=CC(=N1)C1=C(C=NC=C1)OC,./images/P025.png
P026,C(C)(C)(C)C1=CN=C(O1)CSC1=CN=C(S1)NC(CCCNCCC(=O)NO)=O,./images/P026.png
P027,C(C)(C)(C)C1=CN=C(O1)CSC1=CN=C(S1)NC(CCCNCCCCCC(=O)NO)=O,./images/P027.png
P028,C(C)(C)(C)C1=CN=C(O1)CSC1=CN=C(S1)NCC1CCN(CC1)C1=NC=C(C=N1)C(=O)NO,./images/P028.png
P029,C1(CCCC1)N1C(=CC2=C1N=C(N=C2)NC2=NC=C(C=C2)N2CCNCC2)C#N,./images/P029.png
P030,C1(CCCC1)N1C(=CC2=C1N=C(N=C2)NC2=NC=C(C=C2)N2CC(NCC2)C)C#N,./images/P030.png
P031,C1(CCCC1)N1C(=CC2=C1N=C(N=C2)NC2=NC=C(C=C2)N2CCNCCC2)C#N,./images/P031.png
P032,C1(CCCC1)N1C(=CC2=C1N=C(N=C2)NC2=NC=C(C=C2)CO)C#N,./images/P032.png
P033,CN(C(=O)C1=CC2=C(N=C(N=C2)NC2=NC=C(C=C2)N2CCN(CC2)CCC#N)N1C1CCCC1)C,./images/P033.png
P034,CN(C(=O)C1=CC2=C(N=C(N=C2)NC2=NC=C(C=C2)N2CCN(CC2)CC(F)(F)F)N1C1CCCC1)C,./images/P034.png
P035,CN(C(=O)C1=CC2=C(N=C(N=C2)NC2=NC=C(C=C2)N2CCNCCC2)N1C1CCCC1)C,./images/P035.png
P036,CN(C(=O)C1=CC2=C(N=C(N=C2)NC2=NC=C(C=C2)N2CC(CC2)N)N1C1CCCC1)C,./images/P036.png
P037,CN(C(=O)C1=CC2=C(N=C(N=C2)NC2=NC=C(C=C2)N2CC(NCC2)C)N1C1CCCC1)C,./images/P037.png
P038,CN(C(=O)C1=CC2=C(N=C(N=C2)NC2=NC=C(C=C2)N2CCN(CC2)CCF)N1C1CCCC1)C,./images/P038.png
P039,CN(C(=O)C1=CC2=C(N=C(N=C2)NC2=NC=C(C=C2)N2CCN(CC2)CC#N)N1C1CCCC1)C,./images/P039.png
P040,CN(C(=O)C1=CC2=C(N=C(N=C2)NC2=NC=C(C=C2)N2CCN(CC2)CCOC)N1C1CCCC1)C,./images/P040.png
P041,CN(C(=O)C1=CC2=C(N=C(N=C2)NC2=NC=C(C=C2)N2CCN(CC2)CC(N)=O)N1C1CCCC1)C,./images/P041.png
P042,CN(C(=O)C1=CC2=C(N=C(N=C2)NC2=NC=C(C=C2)N2CCN(CC2)CCOCCO)N1C1CCCC1)C,./images/P042.png
P043,CN(C(=O)C1=CC2=C(N=C(N=C2)NC2=NC=C(C=C2)N2CCN(CC2)C(CN(C)C)=O)N1C1CCCC1)C,./images/P043.png
P044,CN(C(=O)C1=CC2=C(N=C(N=C2)NC2=NC=C(C=C2)N2CCN(CC2)C(CN)=O)N1C1CCCC1)C,./images/P044.png
P045,CN(C(=O)C1=CC2=C(N=C(N=C2)NC2=NC=C(C=C2)CO)N1C1CCCC1)C,./images/P045.png
P046,C1(CCCC1)N1C(=CC2=C1N=C(N=C2)NC2=NC=C(C=C2)C=O)C(=O)O,./images/P046.png
P047,CN(C(=O)C1=CC2=C(N=C(N=C2)NC2=NC=C(C=C2)CN2CCN(CC2)CCOC)N1C1CCCC1)C,./images/P047.png
P048,CN(C(=O)C1=CC2=C(N=C(N=C2)NC2=NC=C(C=C2)CN2CCN(CC2)C(C)C)N1C1CCCC1)C,./images/P048.png
P049,CN(C(=O)C1=CC2=C(N=C(N=C2)NC2=NC=C(C=C2)CN2CCN(CC2)CCO)N1C1CCCC1)C,./images/P049.png
P050,CSC=1N=CC=2C=3N(C4=C(NC2N1)C=CC=C4)N=NN3,./images/P050.png
P051,C1(CC1)CNC=1N=CC=2C=3N(C4=C(NC2N1)C=CC=C4)N=NN3,./images/P051.png
P052,FC=1C=C(CN2C3=C(C=4N(C5=C2C=CC=C5)N=NN4)C=NC(=N3)SC)C=CC1F,./images/P052.png
P053,FC=1C=C(CN2C3=C(C=4N(C5=C2C=CC=C5)N=NN4)C=NC(=N3)N3CCNCC3)C=CC1F,./images/P053.png
P054,C(C1=CC=CC=C1)N(C=1N=CC=2C=3N(C4=C(N(C2N1)CC1=CC(=C(C=C1)F)F)C=CC=C4)N=NN3)C,./images/P054.png
P055,FC=1C=C(CN2C3=C(C=4N(C5=C2C=CC=C5)N=NN4)C=NC(=N3)N3CCOCC3)C=CC1F,./images/P055.png
P056,FC=1C=C(CN2C3=C(C=4N(C5=C2C=CC=C5)N=NN4)C=NC(=N3)N3CCN(CC3)C)C=CC1F,./images/P056.png
P057,FC=1C=C(CN2C3=C(C=4N(C5=C2C=CC=C5)N=NN4)C=NC(=N3)NCC3=NC=CC=C3)C=CC1F,./images/P057.png
P058,FC=1C=C(CN2C3=C(C=4N(C5=C2C=CC=C5)N=NN4)C=NC(=N3)NCC=3C=NC=CC3)C=CC1F,./images/P058.png
P059,FC=1C=C(CN2C3=C(C=4N(C5=C2C=CC=C5)N=NN4)C=NC(=N3)N3CCCCC3)C=CC1F,./images/P059.png
P060,FC=1C=C(CN2C3=C(C=4N(C5=C2C=CC=C5)N=NN4)C=NC(=N3)NCCN3CCOCC3)C=CC1F,./images/P060.png
P061,FC=1C=C(CN2C3=C(C=4N(C5=C2C=CC=C5)N=NN4)C=NC(=N3)NCCN3CCCCC3)C=CC1F,./images/P061.png
P062,FC=1C=C(CN2C3=C(C=4N(C5=C2C=CC=C5)N=NN4)C=NC(=N3)NCC3=CC=NC=C3)C=CC1F,./images/P062.png
P063,FC=1C=C(CN2C3=C(C=4N(C5=C2C=CC=C5)N=NN4)C=NC(=N3)N3CCN(CC3)C(=O)OC(C)(C)C)C=CC1F,./images/P063.png
P064,CS(=O)(=O)C=1N=CC=2C=3N(C4=C(NC2N1)C=CC=C4)N=NN3,./images/P064.png
P065,COC1=CC=C(CNC=2N=CC=3C=4N(C5=C(NC3N2)C=CC=C5)N=NN4)C=C1,./images/P065.png
P066,CN(CCNC=1N=CC=2C=3N(C4=C(NC2N1)C=CC=C4)N=NN3)C,./images/P066.png
P067,CC(CC)NC=1N=CC=2C=3N(C4=C(NC2N1)C=CC=C4)N=NN3,./images/P067.png
P068,O1C(CCC1)CNC=1N=CC=2C=3N(C4=C(NC2N1)C=CC=C4)N=NN3,./images/P068.png
P069,N1=CC(=CC=C1)CNC=1N=CC=2C=3N(C4=C(NC2N1)C=CC=C4)N=NN3,./images/P069.png
P070,CC1=CC=C(O1)CNC=1N=CC=2C=3N(C4=C(NC2N1)C=CC=C4)N=NN3,./images/P070.png
P071,CN(C=1N=CC=2C=3N(C4=C(NC2N1)C=CC=C4)N=NN3)C,./images/P071.png
P072,FC1=CC=C(C=C1)C(C)NC=1N=CC=2C=3N(C4=C(NC2N1)C=CC=C4)N=NN3,./images/P072.png
P073,N1=CC=C(C=C1)N1CCN(CC1)C=1N=CC=2C=3N(C4=C(NC2N1)C=CC=C4)N=NN3,./images/P073.png
P074,FC1=CC(=C(C=C1)C1=CC(=NC=C1)NC(=O)C1CCCCC1)OC,./images/P074.png
P075,C1(CCCCC1)CC(=O)NC1=NC=CC(=C1)C1=C(C=C(C=C1)F)OC,./images/P075.png
P076,FC1=CC(=C(C=C1)C1=CC(=NC=C1)NC(=O)C1CCNCC1)OC,./images/P076.png
P077,N[C@H]1CC[C@H](CC1)C(=O)NC1=NC=CC(=C1)C1=C(C=C(C=C1)F)OC,./images/P077.png
P078,FC1=CC(=C(C=C1)C1=CC(=NC=C1)NC(=O)C1CNC(C1)=O)OC,./images/P078.png
P079,FC1=CC(=C(C=C1)C1=CC(=NC=C1)NC(CC1=CC=C(C=C1)OC)=O)OC,./images/P079.png
P080,FC1=CC(=C(C=C1)C1=CC(=NC=C1)NC(CC1=CC=CC=C1)=O)OC,./images/P080.png
P081,FC1=CC(=C(C=C1)C1=CC(=NC=C1)NC(CC1=CC=NC=C1)=O)OC,./images/P081.png
P082,FC1=CC(=C(C=C1)C1=CC(=NC=C1)NC(CC=1SC=CC1)=O)OC,./images/P082.png
P083,FC=1C=CC(=C(C1)C1=CC(=NC=C1)NC([C@@H](C)C1=CC=CC=C1)=O)OC,./images/P083.png
P084,FC1=CC(=C(C=C1)C1=CC(=NC=C1)NC([C@@H](C)C1=CC=C(C=C1)OC)=O)OC,./images/P084.png
P085,FC1=CC(=C(C=C1)C1=CC(=NC=C1)NC(C(C)C=1C=NC=CC1)=O)OC,./images/P085.png
P086,FC1=CC(=C(C=C1)C1=CC(=NC=C1)NC(CC=1C=NC(=CC1)OC)=O)OC,./images/P086.png
P087,FC1=CC(=C(C=C1)C1=CC(=NC=C1)NC(C(C)C1=CC=NC=C1)=O)OC,./images/P087.png
P088,ClC1=NC=CC(=C1)CC(=O)NC1=NC=CC(=C1)C1=C(C=C(C=C1)F)OC,./images/P088.png
P089,FC1=CC(=C(C=C1)C1=CC(=NC=C1)NC(CC1=CC=C(C=C1)N1CCN(CC1)C)=O)OC,./images/P089.png
P090,FC1=CC(=C(C=C1)C1=CC(=NC=C1)NC(CC(C)C1=CC=NC=C1)=O)OC,./images/P090.png
P091,FC1=CC(=C(C=C1)C1=CC(=NC=C1)NC(C(C)CC1=CC=NC=C1)=O)OC,./images/P091.png
P092,FC1=CC(=C(C=C1)C1=CC(=NC=C1)NC(CC(C)C=1C=NC=CC1)=O)OC,./images/P092.png
P093,FC1=CC(=C(C=C1)C1=CC(=NC=C1)NC(C(C)CC=1C=NC=CC1)=O)OC,./images/P093.png
P094,O(C1=CC=CC=C1)C1=C(C=CC=C1)C1=NC(=NC=N1)NC=1C=C(C=CC1)CS(=O)(=O)N,./images/P094.png
P095,N1=CC=C(C=C1)COC1=C(C=CC=C1)C1=NC(=NC=N1)NC=1C=C(C=CC1)CS(=O)(=O)N,./images/P095.png
P096,N1(CCOCC1)CC1=C(C=CC=C1)C1=NC(=NC=N1)NC=1C=C(C=CC1)CS(=O)(=O)N,./images/P096.png
P097,N1(CCCCC1)CC1=C(C=CC=C1)C1=NC(=NC=N1)NC=1C=C(C=CC1)CS(=O)(=O)N,./images/P097.png
P098,C1(CC1)NCC1=C(C=CC=C1)C1=NC(=NC=N1)NC=1C=C(C=CC1)CS(=O)(=O)N,./images/P098.png
P099,NC1=CC=C(C=N1)C1=NC(=NC=N1)NC=1C=C(C=CC1)CS(=O)(=O)N,./images/P099.png
P100,FC1=CC(=C(C=C1)C1=NC(=NC=N1)NC=1C=C(C=CC1)CS(=O)(=O)N)C(F)(F)F,./images/P100.png
P101,FC1=CC(=C(C=C1)C1=NC(=NC=N1)NC=1C=C(C=CC1)CS(=O)(=O)N)OC(C)C,./images/P101.png
P102,C(#N)C1=C(C=CC(=C1)F)C1=NC(=NC=N1)NC=1C=C(C=CC1)CS(=O)(=O)N,./images/P102.png
P103,FC=1C=CC(=C(C1)NC(C)=O)C1=NC=NC(=N1)NC1=CC(=CC=C1)CS(N)(=O)=O,./images/P103.png
P104,C1(CC1)COC1=C(C=CC(=C1)F)C1=NC(=NC=N1)NC=1C=C(C=CC1)CS(=O)(=O)N,./images/P104.png
P105,FC=1C(=C(C=CC1F)C1=NC(=NC=N1)NC=1C=C(C=CC1)CS(=O)(=O)N)OC,./images/P105.png
P106,FC1=CC(=C(C=C1)C1=NC(=NC=N1)NC=1C=NC(=CC1)S(=O)(=O)C)OC,./images/P106.png
P107,C(C)(C)C=1C=NN2C1N=C(N=C2N[C@@H](C)C2=CC=C(C=C2)OC)OC2CCN(CC2)C,./images/P107.png
P108,CC(C1=C(N=C(OC2CCN(C)CC2)N=C3N[C@@H](C)C4=CC=C(C)C=C4)N3N=C1)C,./images/P108.png
P109,C(C)(C)C=1C=NN2C1N=C(N=C2N[C@@H](C)C2=CC=CC1=CC=CC=C21)OC2CCN(CC2)C,./images/P109.png
P110,ClC=1C=C(C=CC1)[C@@H](C)NC1=NC(=NC=2N1N=CC2C(C)C)OC2CCN(CC2)C,./images/P110.png
P111,C(C)(C)C=1C=NN2C1N=C(N=C2N[C@@H](C)C2=CC(=CC=C2)OC)OC2CCN(CC2)C,./images/P111.png
P112,C(C)(C)C=1C=NN2C1N=C(N=C2N[C@@H](C)C2=C(C=CC=C2)C)O[C@H]2CNCCC2,./images/P112.png
P113,C(C)(C)C=1C=NN2C1N=C(N=C2N[C@@H](C)C2=CC(=CC=C2)OC)C(=O)N(CCN2CCOCC2)C,./images/P113.png
P114,C(C)(C)C=1C=NN2C1N=C(N=C2N[C@@H](C)C2=CC(=CC=C2)OC)C(=O)N(CCN2CCCC2)C,./images/P114.png
P115,C(C)(C)C=1C=NN2C1N=C(N=C2N[C@@H](C)C2=CC(=CC=C2)OC)C(=O)N2CCNCC2,./images/P115.png
P116,NCCCNC(=O)C1=NC=2N(C(=N1)N[C@@H](C)C1=CC(=CC=C1)OC)N=CC2C(C)C,./images/P116.png
P117,NC1CCN(CC1)C(=O)C1=NC=2N(C(=N1)N[C@@H](C)C1=CC(=CC=C1)OC)N=CC2C(C)C,./images/P117.png
P118,N1CC(C1)CN(C)CC1=NC=2N(C(=N1)N[C@@H](C)C1=CC(=CC=C1)OC)N=CC2C(C)C,./images/P118.png
P119,C(C)(C)C=1C=NN2C1N=C(N=C2N[C@@H](C)C2=CC(=CC=C2)OC)CNC2CNCC2,./images/P119.png
P120,C(C)(C)C=1C=NN2C1N=C(N=C2N[C@@H](C)C2=CC(=CC=C2)OC)CNCCCN2CCOCC2,./images/P120.png
P121,C(C)(C)C=1C=NN2C1N=C(N=C2N[C@@H](C)C2=CC(=CC=C2)OC)CN(CCN2CCCC2)C,./images/P121.png
P122,C(C)(C)C=1C=NN2C1N=C(N=C2N[C@@H](C)C2=CC(=CC=C2)OC)CNCCN2CCOCC2,./images/P122.png
P123,C(C)(C)C=1C=NN2C1N=C(N=C2N[C@@H](C)C2=CC(=CC=C2)OC)CN(CCCN2CCCCC2)C,./images/P123.png
P124,FC1(CN(CC1)C1CN(C1)CC1=NC=2N(C(=N1)N[C@@H](C)C1=CC(=CC=C1)OC)N=CC2C(C)C)F,./images/P124.png
P125,BrC1=C2CCCN3C2=C(C(=C1Br)Br)N=C3N[C@H]3[C@@H](CCCC3)N,./images/P125.png
P126,BrC1=C2CCCN3C2=C(C(=C1Br)Br)N=C3NCCCN,./images/P126.png
P127,BrC1=C2CCCN3C2=C(C(=C1Br)Br)N=C3NC3CCNCC3,./images/P127.png
P128,BrC1=C2CCCN3C2=C(C(=C1Br)Br)N=C3NC3CNCC3,./images/P128.png
P129,BrC1=C2CCCN3C2=C(C(=C1Br)Br)N=C3N3CCC(CCC3)N,./images/P129.png
P130,BrC1=C2CCCN3C2=C(C=C1Br)N=C3N3CCNCC3,./images/P130.png
P131,BrC1=CC=C(CNC2=C3N=CN(C3=NC(=N2)Cl)C2CCCC2)C=C1,./images/P131.png
P132,BrN(C1=C2N=CN(C2=NC(=N1)Cl)C1CCCC1)CC=1C=NC=CC1,./images/P132.png
P133,ClC1=NC(NCC2=CC=C(C3=CC=CO3)N=C2)=C4N=CN(C5CCCC5)C4=N1,./images/P133.png
P134,ClC1=NC(NCC2=CC=C(C3=CC=CO3)C=C2)=C4N=CN(C5CCCC5)C4=N1,./images/P134.png
P135,ClC1=NC(NCC2=CC=C(N3N=CC=C3)C=C2)=C4N=CN(C5CCCC5)C4=N1,./images/P135.png
P136,ClC=1C(=NC(=NC1)NC1CN(CCC1)C(=O)C1=CC=C(C=C1)NC(\C=C\CN(C)C)=O)C1=CNC2=CC=CC=C12,./images/P136.png
P137,ClC=1C(=NC(=NC1)NCC1CN(CCC1)C(=O)C1=CC=C(C=C1)NC(\C=C\CN(C)C)=O)C1=CNC2=CC=CC=C12,./images/P137.png
P138,ClC=1C(=NC(=NC1)N[C@H]1C[C@H](CCC1)NC(C1=CC=C(C=C1)NC(\C=C\CN1CCOCC1)=O)=O)C1=CNC2=CC=CC=C12,./images/P138.png
P139,ClC=1C(=NC(=NC1)N[C@H]1C[C@H](CCC1)NC(C1=CC=C(C=C1)NC(\C=C\CN1CCN(CC1)C)=O)=O)C1=CNC2=CC=CC=C12,./images/P139.png
P140,C(C=C)(=O)NC1=CC=C(C(=O)N[C@@H]2C[C@@H](CCC2)NC2=NC=C(C(=N2)C2=CNC3=CC=CC=C23)Cl)C=C1,./images/P140.png
P141,ClC=1C(=NC(=NC1)N[C@H]1C[C@H](CCC1)NC(C1=CC=C(C=C1)NC(C(=C)C)=O)=O)C1=CNC2=CC=CC=C12,./images/P141.png
P142,ClC=1C(=NC(=NC1)N[C@H]1C[C@H](CCC1)C(=O)NC1=CC=C(C=C1)NC(\C=C\CN(C)C)=O)C1=CNC2=CC=CC=C12,./images/P142.png
P143,C1(CC1)C=1C(=NC(=NC1)N[C@H]1C[C@H](CCC1)NC(C1=CC=C(C=C1)NC(\C=C\CN(C)C)=O)=O)C1=CNC2=CC=CC=C12,./images/P143.png
P144,ClC=1C(=NC(=NC1)N[C@H]1C[C@H](CCC1)NC(C1=CC=C(C=C1)NC(\C=C\CN(C)C)=O)=O)C=1C=NC=CC1,./images/P144.png
P145,C(#N)C=1C(=NC(=NC1)N[C@H]1C[C@H](CCC1)NC(C1=CC=C(C=C1)NC(\C=C\CN(C)C)=O)=O)C1=CNC2=CC=CC=C12,./images/P145.png
P146,ClC=1C(=NC(=NC1)N[C@@H]1C[C@@H](C[C@@H](C1)F)NC(C1=CC=C(C=C1)NC(\C=C\CN(C)C)=O)=O)C1=CNC2=CC=CC=C12,./images/P146.png
P147,ClC=1C(=NC(=NC1)N[C@H]1C[C@H](C[C@H](C1)F)NC(C1=CC=C(C=C1)NC(\C=C\CN(C)C)=O)=O)C1=CNC2=CC=CC=C12,./images/P147.png
P148,ClC=1C(=NC(=NC1)NC12CCCC(C1)(C2)NC(C2=CC=C(C=C2)NC(\C=C\CN(C)C)=O)=O)C2=CNC1=CC=CC=C21,./images/P148.png
P149,C(C=C)(=O)N1CCC(CC1)CN1CCC(CC1)C(=O)NC=1SC(=CN1)SCC=1OC(=CN1)C(C)(C)C,./images/P149.png
P150,C(C=C)(=O)NC=1C=C(C=CC1)C(C)N1CCC(CC1)C(=O)NC=1SC(=CN1)SCC=1OC(=CN1)C(C)(C)C,./images/P150.png
P151,C(C=C)(=O)NC1=CC=C(C(=O)N2CCC(CC2)C(=O)NC=2SC(=CN2)SCC=2OC(=CN2)C(C)(C)C)C=C1,./images/P151.png
P152,C(C=C)(=O)N1CCC(CC1)C(=O)N1CCC(CC1)C(=O)NC=1SC(=CN1)SCC=1OC(=CN1)C(C)(C)C,./images/P152.png
P153,C(C=C)(=O)NC=1C=C(C(=O)N2CCC(CC2)C(=O)NC=2SC(=CN2)SCC=2OC(=CN2)C(C)(C)C)C=CC1,./images/P153.png
P154,C(C=C)(=O)N1CC(CCC1)CN1CCC(CC1)C(=O)NC=1SC(=CN1)SCC=1OC(=CN1)C(C)(C)C,./images/P154.png
P155,C(C)(C)C=1C=NN2C1N=C(N=C2NCC=2C=C(C=CC2)NC(\C=C\CN2CCOCC2)=O)NC2CCOCC2,./images/P155.png
P156,C(C)N1CCN(CC1)C/C=C/C(=O)NC1=CC(=CC=C1)CNC1=NC(=NC=2N1N=CC2C(C)C)NC2CCOCC2,./images/P156.png
P157,CN(C/C=C/C(=O)NC1=CC(=CC=C1)CNC1=NC(=NC=2N1N=CC2C(C)C)NC2CCOCC2)C,./images/P157.png
P158,C(C)(C)C=1C=NN2C1N=C(N=C2NCC=2C=C(C=CC2)NC(\C=C\CN2CCCC2)=O)NC2CCOCC2,./images/P158.png
P159,FC1CN(CC1)C/C=C/C(=O)NC1=CC(=CC=C1)CNC1=NC(=NC=2N1N=CC2C(C)C)NC2CCOCC2,./images/P159.png
P160,FC1CN(CCC1)C/C=C/C(=O)NC1=CC(=CC=C1)CNC1=NC(=NC=2N1N=CC2C(C)C)NC2CCOCC2,./images/P160.png
P161,CN(C/C=C/C(=O)NC1=CC(=CC(=C1)CNC1=NC(=NC=2N1N=CC2C(C)C)NC2CCOCC2)F)C,./images/P161.png
P162,CN(C/C=C/C(=O)NC1=C(C(=CC=C1)CNC1=NC(=NC=2N1N=CC2C(C)C)NC2CCOCC2)F)C,./images/P162.png
P163,CN(C/C=C/C(=O)NC1=C(C=CC=C1)CNC1=NC(=NC=2N1N=CC2C(C)C)NC2CCOCC2)C,./images/P163.png
P164,C(C)(C)C=1C=NN2C1N=C(N=C2NCC2=CC=C(C=C2)NC(\C=C\CN2CCCC2)=O)NC2CCOCC2,./images/P164.png
P165,C(C)C=1C=NN2C1N=C(C=C2NC2=CC=C(C=C2)NC(C=C)=O)N2[C@@H](CCCC2)CCO,./images/P165.png
P166,C(C)C=1C=NN2C1N=C(C=C2NCC=2C=C(C=CC2)NC(C=C)=O)N2[C@@H](CCCC2)CCO,./images/P166.png
P167,CC1(N(C(C=2N(C1)C=C(C2)C2=NC(=NC=C2C)NC2=CC=NN2C)=O)CC2=NC(=CC=C2)C(F)(F)F)C,./images/P167.png
P168,COCCN1C(C=2N(CC1(C)C)C=C(C2)C2=NC(=NC=C2C)NC2=CC=NN2C)=O,./images/P168.png
P169,CC1(N(C(C=2N(C1)C=C(C2)C2=NC(=NC=C2C)NC2=CC=NN2C)=O)CC2=NC(=CC=C2)C)C,./images/P169.png
P170,CC=1C(=NC(=NC1)NC=1C(=NC=CC1)C)C=1C=C2N(CCN(C2=O)CC2=NC(=CC=C2)C)C1,./images/P170.png
P171,C[C@@H]1N(C(C=2N(C1)C=C(C2)C2=NC(=NC=C2C)NC2=C(N=NC=C2)C)=O)CC2=NC=CN=C2C,./images/P171.png
P172,C[C@@H]1N(C(C=2N(C1)C=C(C2)C2=NC(=NC=C2C)NC2=CC=NN2C)=O)CC2=NC=CN=C2C,./images/P172.png
P173,C[C@@H]1N(C(C=2N(C1)C=C(C2)C2=NC(=NC=C2C)NC2=CC=NN2C)=O)CC2=NC=NC(=C2)C,./images/P173.png
P174,C[C@@H]1N(C(C=2N(C1)C=C(C2)C2=NC(=NC=C2C)NC2=CC=NN2C)=O)CC2=NC(=NC=C2)C,./images/P174.png
P175,C1(CC1)C1=CC(=NN1)NC(C(C(C)C)C=1C=C(C=CC1)C=1C=CC(=NC1)NC(\C=C\CN1CCCC1)=O)=O,./images/P175.png
P176,C1(CC1)C1=CC(=NN1)NC(C(C(C)C)C=1C=C(C=CC1)C=1C=CC(=NC1)NC(\C=C\CN1CC(CC1)F)=O)=O,./images/P176.png
P177,C1(CC1)C1=CC(=NN1)NC(C(C(C)C)C=1C=C(C=CC1)C=1C=CC(=NC1)NC(\C=C\CN1CC(CC1)O)=O)=O,./images/P177.png
P178,C1(CC1)C1=CC(=NN1)NC(C(C(C)C)C=1C=C(C=CC1)C=1C=CC(=NC1)NC(\C=C\CN1CCCCC1)=O)=O,./images/P178.png
P179,C1(CC1)C1=CC(=NN1)NC(C(C(C)C)C=1C=C(C=CC1)C=1C=CC(=NC1)NC(\C=C\CN1CC(CCC1)F)=O)=O,./images/P179.png
P180,C1(CC1)C1=CC(=NN1)NC(C(C(C)C)C=1C=C(C=CC1)C=1C=CC(=NC1)NC(\C=C\CN1CC(CCC1)O)=O)=O,./images/P180.png
P181,C1(CC1)C1=CC(=NN1)NC(C(C(C)C)C=1C=C(C=CC1)C=1C=CC(=NC1)NC(\C=C\CN1CCC(CC1)F)=O)=O,./images/P181.png
P182,C1(CC1)C1=CC(=NN1)NC(C(C(C)C)C=1C=C(C=CC1)C=1C=CC(=NC1)NC(\C=C\CN1CCC(CC1)(C)O)=O)=O,./images/P182.png
P183,C1(CC1)C1=CC(=NN1)NC(C(C(C)C)C=1C=C(C=CC1)C=1C=CC(=NC1)NC(\C=C\CN1CCC(CC1)(F)F)=O)=O,./images/P183.png
P184,C1(CC1)C1=CC(=NN1)NC(C(C(C)C)C=1C=C(C=CC1)C=1C=CC(=NC1)NC(\C=C\CN(CC)CC)=O)=O,./images/P184.png
P185,C(C)C=1SC(=C(N1)C)C1=NC(=NC=C1)NC1=NC=C(C=C1)N1CCNCC1,./images/P185.png
P186,C(C)C=1SC(=C(N1)C)C1=NC(=NC=C1)NC1=NC=C(C=C1)N1CCN(CC1)C,./images/P186.png
P187,C(C)C=1SC(=C(N1)C)C1=NC(=NC=C1)NC1=NC=C(C=C1)N1CCN(CC1)CC,./images/P187.png
P188,C(C)C=1SC(=C(N1)C)C1=NC(=NC=C1)NC1=CC=C(C=N1)N1CCN(CC1)C(C)=O,./images/P188.png
P189,C(C)C=1SC(=C(N1)C)C1=NC(=NC=C1)NC1=NC=C(C=C1)N1CCOCC1,./images/P189.png
P190,ClC=1C(=NC(=NC1)N[C@H]1C[C@@H](CCC1)OC1=CC=C(C=C1)NC(C=C)=O)C1=CNC2=CC=CC=C12,./images/P190.png
P191,ClC=1C(=NC(=NC1)N[C@H]1C[C@@H](CCC1)OC1=CC=C(C=C1)NC(\C=C\CN(C)C)=O)C1=CNC2=CC=CC=C12,./images/P191.png
P192,ClC=1C(=NC(=NC1)NC1CC(CCC1)OC1=CC=C(C=C1)NC(\C=C\CN(C)C)=O)C1=CNC2=CC=CC=C12,./images/P192.png
P193,BrC=1C(=NC(=NC1)NC1CN(CCC1)C(=O)C1=CC=C(C=N1)NC(C=C)=O)C1=CNC2=CC=CC=C12,./images/P193.png
P194,BrC=1C(=NC(=NC1)NC1CN(CCC1)C(=O)C1=CC=C(C=N1)NC(\C=C\CN(C)C)=O)C1=CNC2=CC=CC=C12,./images/P194.png
P195,CN(C1CCC(CC1)NC1=NC=C(C(=N1)C1=CN=C2N1C=C(C=C2)NC=2C=NC=CC2)C)C,./images/P195.png
P196,C(C)C=1C=NN2C1N=C(C=C2NCC=2C=C(C#N)C=CC2)NC[C@@H]2[C@H](CNCC2)O,./images/P196.png
P197,ClC=1C(=NC=2N(C1NCC=1C=C(C#N)C=CC1)N=CC2CC)NC[C@@H]2[C@H](CNCC2)O,./images/P197.png
P198,N1=C(N=CC2=CC=CC=C12)N[C@H]1CN(CCC1)C(=O)C1=CC=C(C=C1)NC(C=C)=O,./images/P198.png
P199,C1=NC(=CC2=CC=CC=C12)N[C@H]1CN(CCC1)C(=O)C1=CC=C(C=C1)NC(C=C)=O,./images/P199.png
P200,ClC=1C=C2C=NC(=NC2=CC1)N[C@H]1CN(CCC1)C(=O)C1=CC=C(C=C1)NC(C=C)=O,./images/P200.png
P201,FC=1C=C2C=NC(=NC2=CC1)N[C@H]1CN(CCC1)C(=O)C1=CC=C(C=C1)NC(C=C)=O,./images/P201.png
P202,FC1=CC=C2C=NC(=NC2=C1)N[C@H]1CN(CCC1)C(=O)C1=CC=C(C=C1)NC(C=C)=O,./images/P202.png
P203,COC1=CC=C2C=NC(=NC2=C1)N[C@H]1CN(CCC1)C(=O)C1=CC=C(C=C1)NC(C=C)=O,./images/P203.png
P204,COC=1C=C2C=NC(=NC2=CC1)N[C@H]1CN(CCC1)C(=O)C1=CC=C(C=C1)NC(C=C)=O,./images/P204.png
P205,CC=1C=C2C=NC(=NC2=CC1)N[C@H]1CN(CCC1)C(=O)C1=CC=C(C=C1)NC(C=C)=O,./images/P205.png
P206,CC1=CC=C2C=NC(=NC2=C1)N[C@H]1CN(CCC1)C(=O)C1=CC=C(C=C1)NC(C=C)=O,./images/P206.png
P207,ClC1=CC=C2C=NC(=NC2=C1)N[C@H]1CN(CCC1)C(=O)C1=CC=C(C=C1)NC(CC)=O,./images/P207.png
P208,C1(CC1)C1=CN=C(S1)NC([C@@H](C)C=1C=C(C=CC1)C=1C=CC(=NC1)NC(\C=C\CN(C)C)=O)=O,./images/P208.png
P209,C1(CC1)C1=CN=C(S1)NC([C@@H](C)C=1C=C(C=CC1)C1=CN=CC(=N1)NC(C=C)=O)=O,./images/P209.png
P210,CN(C/C=C/C(=O)NC1=NC=C(C=C1)C1=CC(=CC=C1)[C@@H](C(=O)NC=1SC(=CN1)CC)C)C,./images/P210.png
P211,C(#N)C1=CN=C(S1)NC([C@@H](C)C=1C=C(C=CC1)C=1C=CC(=NC1)NC(C=C)=O)=O,./images/P211.png
P212,C(C=C)(=O)NC1=CC=C(C=N1)C=1C=C(C=CC1)[C@@H](C(=O)NC=1SC(=CN1)CC)CC,./images/P212.png
P213,C1(CCCC1)N1C2(CC3=C1N=C(N=C3)NC3=CC=C(C=C3)N3CCNCC3)C(NCC2)=O,./images/P213.png
P214,C1(CCCC1)N1C2(CC3=C1N=C(N=C3)NC3=CC=C(C=C3)N3CCN(CC3)C)C(NCC2)=O,./images/P214.png
P215,C1(CCCC1)N1C2(CC3=C1N=C(N=C3)NC3=CC=C(C=C3)N3CCN(CC3)C(C)C)C(NCC2)=O,./images/P215.png
P216,C1(CCCC1)N1C2(CC3=C1N=C(N=C3)NC3=CC(=C(C=C3)N3CCNCC3)F)C(NCC2)=O,./images/P216.png
P217,C1(CCCC1)N1C2(CC3=C1N=C(N=C3)NC3=CC(=C(C=C3)N3CCN(CC3)C)F)C(NCC2)=O,./images/P217.png
P218,C1(CCCC1)N1C2(CC3=C1N=C(N=C3)NC3=CC(=C(C=C3)N3CCN(CC3)C(C)C)F)C(NCC2)=O,./images/P218.png
P219,C1(CCCC1)N1C2(CC3=C1N=C(N=C3)NC=3C=NC(=CC3)N3CCNCC3)C(NCC2)=O,./images/P219.png
P220,C1(CCC1)C=1C=NN2C1N=C(C=C2NC2=CC(=CC(=C2)C)F)O[C@@H]2CNCCC2,./images/P220.png
P221,C[C@@H](C1=CC=C(C=C1)C2=CN=C(C(NC(C=C)=O)CC)C=C2)C(NC3=NNC(C4CC4)=C3)=O,./images/P221.png
P222,C[C@@H](C1=CC=C(C=C1)C2=CN=C(C(NC(C=C)=O)C)C=C2)C(NC3=NNC(C4CC4)=C3)=O,./images/P222.png
P223,C[C@@H](C1=CC=C(C=C1)C2=CN=C(CNC(C=C)=O)C(F)=C2)C(NC3=NNC(C4CC4)=C3)=O,./images/P223.png
P224,CC1=C(C=NC=C1)C=1C=C2C(=CN1)NN=C2NC(C2=CC=C(C=C2)N2CCOCC2)=O,./images/P224.png
P225,CN1CCN(CC1)C1=CC=C(C(=O)NC2=NNC3=CN=C(C=C32)C=3C=NC=CC3C)C=C1,./images/P225.png
P226,NC1CN(CCC1)C1=CC=C(C(=O)NC2=NNC3=CN=C(C=C32)C=3C=NC=CC3C)C=C1,./images/P226.png
P227,CN1N=CC(=C1C)C=1C=C2C(=CN1)NN=C2NC(C2=CC=C(C=C2)N2CCOCC2)=O,./images/P227.png
P228,CN1N=CC(=C1C)C=1C=C2C(=CN1)NN=C2NC(C2=CC=C(C=C2)N2CCN(CC2)C)=O,./images/P228.png
P229,CN1N=CC(=C1C)C=1C=C2C(=CN1)NN=C2NC(C2=CC=C(C=C2)NCCC)=O,./images/P229.png
P230,FC1(CN(CC1)C1=CC=C(C(=O)NC2=NNC3=CN=C(C=C32)C=3C=NN(C3C)C)C=C1)F,./images/P230.png
P231,COC1=C(C=NC=C1)C=1C=C2C(=CN1)NN=C2NC(C2=CC=C(C=C2)N2CCN(CC2)C)=O,./images/P231.png
P232,CN1CCN(CC1)C1=CC=C(C=C1)NC(=O)C1=NNC2=CN=C(C=C21)C=2C=NC=CC2C,./images/P232.png
P233,COC1=C(C=NC=C1)C=1C=C2C(=CN1)NN=C2C(=O)NC2=CC=C(C=C2)N2CCN(CC2)C,./images/P233.png
P234,FC1=C(C(=CC=C1)OC)C=1C=C2C(=CN1)NN=C2NC(C2=CC=CC=C2)=O,./images/P234.png
P235,FC1=C(C(=CC=C1)OC)C=1C=C2C(=CN1)NN=C2NC(C2=CC=C(C=C2)C)=O,./images/P235.png
P236,BrC1=CC=C(C(=O)NC2=NNC3=CN=C(C=C32)C3=C(C=CC=C3OC)F)C=C1,./images/P236.png
P237,BrC=1C=C(C(=O)NC2=NNC3=CN=C(C=C32)C3=C(C=CC=C3OC)F)C=CC1,./images/P237.png
P238,FC1=CC=C(C(=O)NC2=NNC3=CN=C(C=C32)C3=C(C=CC=C3OC)F)C=C1,./images/P238.png
P239,FC=1C=C(C(=O)NC2=NNC3=CN=C(C=C32)C3=C(C=CC=C3OC)F)C=CC1,./images/P239.png
P240,C(#N)C=1C=C(C(=O)NC2=NNC3=CN=C(C=C32)C3=C(C=CC=C3OC)F)C=CC1,./images/P240.png
P241,C(C)C1=CC=C(C(=O)NC2=NNC3=CN=C(C=C32)C3=C(C=CC=C3OC)F)C=C1,./images/P241.png
P242,FC1=C(C(=CC=C1)OC)C=1C=C2C(=CN1)NN=C2NC(C2=CC(=CC=C2)OC)=O,./images/P242.png
P243,FC1=C(C=C(C(=O)NC2=NNC3=CN=C(C=C32)C3=C(C=CC=C3OC)F)C=C1)C,./images/P243.png
P244,[C@@H]12N(C[C@@H](NC1)C2)C2=C1C=NN(C1=C(C=C2NC(=O)C2=NC(=NC=C2)C2=C(C=CC=C2OC)F)F)C,./images/P244.png
P245,C(C)NC(=O)N1[C@@H]2CN([C@H](C1)C2)C2=C1C=NN(C1=C(C=C2NC(=O)C2=NC(=NC=C2)C2=C(C=CC=C2OC)F)F)C,./images/P245.png
P246,N[C@H]1C[C@H](N(C1)C1=C2C=NN(C2=C(C=C1NC(=O)C1=NC(=NC=C1)C1=C(C=CC=C1OC)F)F)C)CO,./images/P246.png
P247,N[C@H]1CN(CC1)C1=C2C=NN(C2=C(C=C1NC(=O)C1=NC(=NC=C1)C1=C(C=CC=C1OC)F)F)C,./images/P247.png
P248,[C@@H]12N(C[C@@H](NC1)CC2)C2=C1C=NN(C1=C(C=C2NC(=O)C2=NC(=NC=C2)C2=C(C=CC=C2OC)F)F)C,./images/P248.png
P249,FC=1C=C(C(=C2C=NN(C12)C)N1[C@H](CCC1)CO)NC(=O)C1=NC(=NC=C1)C1=C(C=CC=C1OC)F,./images/P249.png
P250,FC=1C=C(C(=C2C=NN(C12)C)N1CCOCC1)NC(=O)C1=NC(=NC=C1)C1=C(C=CC=C1OC)F,./images/P250.png
P251,FC=1C=C(C(=C2C=NN(C12)C)N1CC2(CC1)C(NCC2)=O)NC(=O)C2=NC(=NC=C2)C2=C(C=CC=C2OC)F,./images/P251.png
P252,NC1CN(C1)C1=C2C=NN(C2=C(C=C1NC(=O)C1=NC(=NC=C1)C1=C(C=CC=C1OC)F)F)C,./images/P252.png
P253,NC[C@@H]1N(CCC1)C1=C2C=NN(C2=C(C=C1NC(=O)C1=NC(=NC=C1)C1=C(C=CC=C1OC)F)F)C,./images/P253.png
P254,[C@@H]12N(C[C@H](NC1)C2)C2=C(C=C(C=C2)F)NC(=O)C2=NC(=NC=C2)C2=C(C=CC=C2OC)F,./images/P254.png
P255,N[C@@H]1CN(CC1)C1=C(C=C(C=C1)F)NC(=O)C1=NC(=NC=C1)C1=C(C=CC=C1OC)F,./images/P255.png
P256,NC[C@@H]1N(CCC1)C1=C(C=C(C=C1)F)NC(=O)C1=NC(=NC=C1)C1=C(C=CC=C1OC)F,./images/P256.png
P257,FC=1C=CC(=C(C1)NC(=O)C1=NC(=NC=C1)C1=C(C=CC=C1OC)F)N1[C@H](CCC1)CO,./images/P257.png
P258,FC=1C=CC(=C(C1)NC(=O)C1=NC(=NC=C1)C1=C(C=CC=C1OC)F)N1[C@H](CCC1)COC,./images/P258.png
P259,N[C@H]1C[C@H](N(C1)C1=C(C=C(C=C1)F)NC(=O)C1=NC(=NC=C1)C1=C(C=CC=C1OC)F)CO,./images/P259.png
P260,FC=1C=CC(=C(C1)NC(=O)C1=NC(=NC=C1)C1=C(C=CC=C1OC)F)N1[C@H](C[C@@H](C1)O)C,./images/P260.png
P261,FC=1C=CC(=C(C1)NC(=O)C1=NC(=NC=C1)C1=C(C=CC=C1OC)F)N1C(CCC1)C1=NC=CC=C1,./images/P261.png
P262,FC=1C=CC(=C(C1)NC(=O)C1=NC(=NC=C1)C1=C(C=CC=C1OC)F)N1C2C(CC1)CNC2,./images/P262.png
P263,FC=1C=CC(=C(C1)NC(=O)C1=NC(=NC=C1)C1=C(C=CC=C1OC)F)N1[C@@H](CNCC1)C,./images/P263.png
P264,NC=1C(=C(C=C2C=C(N=CC12)NC(OC1CCOCC1)=O)C1=C(C2=C(OCCN2)N=C1)C)F,./images/P264.png
P265,NC=1C(=C(C=C2C=C(N=CC12)NC(OC1CN(C1)C)=O)C1=C(C2=C(OCCN2)N=C1)C)F,./images/P265.png
P266,NC=1C(=C(C=C2C=C(N=CC12)NC(OC1COCC1)=O)C1=C(C2=C(OCCN2)N=C1)C)F,./images/P266.png
P267,NC=1C(=C(C=C2C=C(N=CC12)NC(OC1CCNCC1)=O)C1=C(C2=C(OCCN2)N=C1)C)F,./images/P267.png
P268,NC=1C(=C(C=C2C=C(N=CC12)NC(OC1CCN(CC1)C)=O)C1=C(C2=C(OCCN2)N=C1)C)F,./images/P268.png
P269,NC=1C(=C(C=C2C=C(N=CC12)NC(OC1CCN(CC1)C1COC1)=O)C1=C(C2=C(OCCN2)N=C1)C)F,./images/P269.png
P270,NC=1C(=C(C=C2C=C(N=CC12)NC(OC1CCN(CC1)CC(F)(F)F)=O)C1=C(C2=C(OCCN2)N=C1)C)F,./images/P270.png
P271,NC=1C(=C(C=C2C=C(N=CC12)NC(OC1CC2(C1)CCN(CC2)C)=O)C=2C=NC=1CCCNC1C2C)F,./images/P271.png
P272,NC=1C(=C(C=C2C=C(N=CC12)NC(OC1CC2(CN(C2)C(C)=O)C1)=O)C1=C(C2=C(OCCN2)N=C1)C)F,./images/P272.png
P273,NC=1C(=C(C=C2C=C(N=CC12)NC(OC1CC2(CN(C2)C)C1)=O)C=1C=NC=2CCCNC2C1C)F,./images/P273.png
P274,C(C)N(CCNC(=O)C1=C(NC(=C1C)\C=C\1/C(NC2=CC(=C(C=C12)C1=C(C2=C(OCCN2)N=C1)C)F)=O)C)CC,./images/P274.png
P275,CC=1NC(=CN1)\C=C\1/C(NC2=CC=C(C=C12)C1=C(C2=C(OCCN2)C=C1)C)=O,./images/P275.png
P276,CC1=C(C=C2/C(/C(NC2=C1)=O)=C/C1=CN=C(N1)C)C1=C(C2=C(OCCN2)N=C1)C,./images/P276.png
P277,FC=1C=C(C(=C2/C(/C(NC12)=O)=C/C1=CN=C(N1)C)C)C1=C(C2=C(OCCN2)N=C1)C,./images/P277.png
P278,N1C2=C(OCC1)N=CC(=C2)C=2C(=C1/C(/C(NC1=C(C2)F)=O)=C/C2=CN=C(N2)C)C,./images/P278.png
P279,C(C)C=1NC(=C(N1)C)\C=C\1/C(NC2=CC=C(C=C12)C1=C(C2=C(OCCN2)N=C1)C)=O,./images/P279.png
P280,ClC1=C(C=C2/C(/C(NC2=C1)=O)=C/C1=CN=C(N1)C)C1=C(C2=C(OCCN2)N=C1)C,./images/P280.png
P281,FC1=C(C=C2/C(/C(NC2=C1)=O)=C/C1=CN=C(N1)C)C1=C(C2=C(OCCN2)N=C1)C,./images/P281.png
P282,C(C)N(CCNC(=O)C1=C(NC(=C1C)\C=C\1/C(NC2=C(C=C(C=C12)C1=C(C2=C(OCCN2)N=C1)C)F)=O)C)CC,./images/P282.png
P283,FC=1C=C(C=C2/C(/C(NC12)=O)=C/C1=CN=C(N1)C)C1=C(C2=C(OCCN2)N=C1)C,./images/P283.png
P284,CN1CC2=CC(=CC(=C2CC1)C)C=1N=C2C(=NC1)NC=C2C2=CC=C(C(=O)N(C)C)C=C2,./images/P284.png
P285,O[C@H](CN(C(C1=CC=C(C=C1)C1=CNC2=NC=C(N=C21)C=2C=C1CCN(CC1=C(C2)OC)C)=O)C)C,./images/P285.png
P286,CN1CC2=CC(=CC(=C2CC1)C)C=1N=C2C(=NC1)NC=C2C2=CC(=C(C(=O)N(C)C[C@@H](C)O)C=C2)C,./images/P286.png
P287,CN1CC2=CC(=CC(=C2CC1)C)C=1N=C2C(=NC1)NC=C2C2=CC=C(C(=O)N(C)C[C@H](C)O)C=C2,./images/P287.png
P288,O[C@H](CN(C(C1=C(C=C(C=C1)C1=CNC2=NC=C(N=C21)C=2C=C1CCN(CC1=C(C2)OC)C)C)=O)C)C,./images/P288.png
P289,FC1=C(C(=O)N(C[C@H]2COCC2)C)C(=CC(=C1)C1=CNC2=NC=C(N=C21)C=2C=C1CCN(CC1=C(C2)OC)C)F,./images/P289.png
P290,FC1=C(C(=O)N(C[C@@H]2COCC2)C)C(=CC(=C1)C1=CNC2=NC=C(N=C21)C=2C=C1CCN(CC1=C(C2)OC)C)F,./images/P290.png
P291,CN1CC2=CC(=CC(=C2CC1)C)C=1N=C2C(=NC1)NC=C2C2=CC=C(C(=O)N(C)C[C@@H](C)O)C=C2,./images/P291.png
P292,O[C@@H](CN(C(C1=CC=C(C=C1)C1=CNC2=NC=C(N=C21)C2=CC(=C1CCN(CC1=C2)CCN2CCOCC2)C)=O)C)C,./images/P292.png
P293,O[C@@H](CN(C(C1=CC=C(C=C1)C1=CNC2=NC=C(N=C21)C=2C=C1CCN(CC1=C(C2)OC)C)=O)C)C,./images/P293.png
P294,ClC=1C(=NC(=NC1)NC1=C(C=C2CCN(CC2=C1)C)OC)N1C2=C(OCC1)C=CC=C2,./images/P294.png
P295,ClC=1C(=NC(=NC1)NC1=C(C=C2CCN(CC2=C1)C)OC)N1C=C(C2=CC=CC=C12)C(=O)N(C)C,./images/P295.png
P296,N1(C=NC2=C1C=CC=C2)C2=NC(=NC=C2Cl)NC2=C(C=C1CCN(CC1=C2)C)OC,./images/P296.png
P297,N1(C=CC2=CC=CC=C12)C1=NC(=NC=C1C(F)(F)F)NC1=C(C=C2CCN(CC2=C1)C)OC,./images/P297.png
P298,ClC=1C(=NC(=NC1)NC1=C(C=C2CCN(CC2=C1)C)OC)N1C=C(C2=CC=CC=C12)F,./images/P298.png
P299,ClC=1C(=NC(=NC1)NC1=C(C=C2CCN(CC2=C1)C)OC)N1C=C(C2=CC=CC=C12)S(=O)(=O)C,./images/P299.png
P300,ClC=1C(=NC(=NC1)NC1=C(C=C2CCN(CC2=C1)C)OC)N1CC(C2=CC=CC=C12)S(=O)(=O)C,./images/P300.png
P301,ClC=1C(=NC(=NC1)NC1=C(C=C2CCN(CC2=C1)C)OC)N1C=C(C2=CC=CC=C12)CS(=O)(=O)C,./images/P301.png
P302,ClC=1C(=NC(=NC1)NC1=C(C=C2CCN(CC2=C1)C)OC)N1C=C(C2=CC=CC=C12)S(=O)(=O)N,./images/P302.png
P303,NC=1C(=C(C=C2C=C(N=NC12)NC(=O)C1N(CC1)C=1C=NN(C1)C)C1=C(C2=C(OCCN2)N=C1)C)F,./images/P303.png
P304,NC=1C(=C(C=C2C=C(N=NC12)NC1=NN2CC(N(CCC2=C1)C(C)C)=O)C1=C(C=CC(=C1)P(=O)(C)C)C)F,./images/P304.png
P305,NC=1C=C(C=C2C=C(N=NC12)NC1=NN2CC(N(CCC2=C1)C(C)C)=O)C1=CN=CS1,./images/P305.png
P306,NC=1C=C(C=C2C=C(N=NC12)NC1=CC=C(N=N1)N1CCS(CC1)(=O)=O)C=1C=NC=CC1C,./images/P306.png
P307,NC=1C=C(C=C2C=C(N=NC12)NC1=CC=C(C=N1)N1CCS(CC1)(=O)=O)C=1C=NC=CC1C,./images/P307.png
P308,NC=1C(=C(C=C2C=C(N=NC12)NC1=CC=C(C=N1)N1C(CCCC1)=O)C=1C=NC=CC1C)F,./images/P308.png
P309,NC=1C(=C(C=C2C=C(N=NC12)NC1=CC=C(C=N1)N1C(CC1)=O)C=1C=NC=CC1C)F,./images/P309.png
P310,NC1=NC(=CC2=C1N=NC(=C2)NC(=O)C2CC2)C=2C=NC=CC2C,./images/P310.png
P311,NC=1C=C(C=C2C=C(N=CC12)NC(C(=O)NC=1C=NC=CC1)=O)C=1C=NC=CC1C,./images/P311.png
P312,NC=1C=C(C=C2C=C(N=CC12)NC(C(=O)NC=1C=NN(C1)C)=O)C=1C=NC=CC1C,./images/P312.png
P313,NC=1C=C(C=C2C=C(N=CC12)NC(C(=O)NC1=CC(=NO1)C)=O)C=1C=NC=CC1C,./images/P313.png
P314,NC=1C=C(C=C2C=C(N=CC12)NC(C(=O)NCC=1C=NC=CC1)=O)C=1C=NC=CC1C,./images/P314.png
P315,NC=1C=C(C=C2C=C(N=CC12)NC(C(=O)NC=1C=NN(C1)CCOC)=O)C=1C=NC=CC1C,./images/P315.png
P316,NC=1C=C(C=C2C=C(N=CC12)NC(C(=O)NC=1C=NN(C1)S(=O)(=O)CC)=O)C=1C=NC=CC1C,./images/P316.png
P317,NC=1C=C(C=C2C=C(N=CC12)NC(C(N1CC(NCC1)=O)=O)=O)C=1C=NC=CC1C,./images/P317.png
P318,CN1C[C@@H]2N(C3=C(C=C(C=C3CC2)C=2N=C3C(=NC2)NC=C3C3=CC(=C(C=C3)C(=O)N3CC2(COC2)C3)C)C)CC1,./images/P318.png
P319,CN1C[C@H]2N(C3=C(C=C(C=C3CC2)C2=NC=3C(=NC2)N=CC3C3=CC(=C(C=C3)C(=O)N3CC2(COC2)C3)C)C)CC1,./images/P319.png
P320,CN1C[C@@H]2N(C3=C(C=C(C=C3CC2)C=2N=C3C(=NC2)NC=C3C3=CC=C(C=C3)C(=O)N3CC2(COC2)C3)C)CC1,./images/P320.png
P321,CN1C[C@H]2N(C3=C(C=C(C=C3CC2)C=2N=C3C(=NC2)NC=C3C3=CC=C(C=C3)C(=O)N3CC2(COC2)C3)C)CC1,./images/P321.png
P322,CN1C[C@@H]2N(C3=C(C=C(C=C3CC2)C=2N=C3C(=NC2)NC=C3C3=CC=C(C(=O)N(C[C@H]2COCC2)C)C=C3)C)CC1,./images/P322.png
P323,CN1C[C@H]2N(C3=C(C=C(C=C3CC2)C=2N=C3C(=NC2)NC=C3C3=CC=C(C(=O)N(C[C@H]2COCC2)C)C=C3)C)CC1,./images/P323.png
P324,CN1C[C@@H]2N(C3=C(C=C(C=C3CC2)C=2N=C3C(=NC2)NC=C3C3=CC(=C(C(=O)N(C[C@H]2COCC2)C)C=C3)C)C)CC1,./images/P324.png
P325,CN1C[C@H]2N(C3=C(C=C(C=C3CC2)C=2N=C3C(=NC2)NC=C3C3=CC(=C(C(=O)N(C[C@H]2COCC2)C)C=C3)C)C)CC1,./images/P325.png
P326,CN1C[C@@H]2N(C3=C(C=C(C=C3CC2)C=2N=C3C(=NC2)NC=C3C3=CC=C(C(=O)N(C)CC(C)(C)O)C=C3)C)CC1,./images/P326.png
P327,CN1C[C@H]2N(C3=C(C=C(C=C3CC2)C=2N=C3C(=NC2)NC=C3C3=CC=C(C(=O)N(C)CC(C)(C)O)C=C3)C)CC1,./images/P327.png
P328,CN1C[C@@H]2N(C3=C(C=C(C=C3CC2)C=2N=C3C(=NC2)NC=C3C3=CC(=C(C(=O)N(C)CC(C)(C)O)C=C3)C)C)CC1,./images/P328.png
P329,CN1C[C@H]2N(C3=C(C=C(C=C3CC2)C=2N=C3C(=NC2)NC=C3C3=CC(=C(C(=O)N(C)CC(C)(C)O)C=C3)C)C)CC1,./images/P329.png
P330,C(=O)C=1C=C(C=C(C1O)OC)C1=CC(=CC=C1)C(=O)O,./images/P330.png
P331,C1(CCCCC1)NC(=O)C=1C=C(C=CC1)C1=CC(=C(C(=C1)OC)O)C=O,./images/P331.png
P332,BrC1=CC=C(C(=C1C=O)O)C(=O)N1CCOCC1,./images/P332.png
P333,CN1C(N(C(C(=C1)C=1C=C(C(=C(C=O)C1)O)OC)=O)C)=O,./images/P333.png
P334,OC1=C(C=O)C=C(C=C1OC)C#CC=1C=NC=CC1,./images/P334.png
P335,BrC=1C=C2C=CC(=C(C2=CC1)C=O)O,./images/P335.png
P336,C(=O)C1=C2C=CC(=CC2=CC=C1O)C1=CC=C(C(=O)N(C)C)C=C1,./images/P336.png
P337,C(=O)C1=C2C=CC(=CC2=CC=C1O)C1=CC=CC(=N1)C(=O)O,./images/P337.png
P338,C(=O)C1=C2C=CC(=CC2=CC=C1O)C1=CC=CC(=N1)C(=O)NCCN1CCOCC1,./images/P338.png
P339,OC1=C(C2=CC=C(C=C2C=C1)C=1SC(=CC1)C(=O)N1CCOCC1)C=O,./images/P339.png
P340,COC1=C(C=2CCN(CC2C=C1)C(=O)C=1C=NC=CC1)C=O,./images/P340.png
P341,COC1=C(C=2CCN(CC2C=C1)C(CCN1CCN(CC1)C)=O)C=O,./images/P341.png
P342,N1(CCOCC1)CCNC(=O)N1CC2=CC=C(C(=C2CC1)C=O)OC,./images/P342.png
P343,C(C1=CC=CC=C1)N1CC2=CC(=C(C=C2CC1)OC)C=O,./images/P343.png
P344,COC1=C(C=2CCN(CC2C=C1)C=1SC(=C(N1)C)C(=O)N1CCOCC1)C=O,./images/P344.png
P345,Cl.CN(S(=O)(=O)NC1=C2C=CC(=C(C2=CC=C1)OC1=NC=CC=C1C1=NC(=NC=C1)N[C@@H]1CNCCC1)C)C,./images/P345.png
P346,Cl.C(C)N(S(=O)(=O)NC1=C2C=CC(=C(C2=CC=C1)OC1=NC=CC=C1C1=NC(=NC=C1)N[C@@H]1CNCCC1)C)C,./images/P346.png
P347,Cl.FCCCS(=O)(=O)NC1=CC=CC2=C(C(=CC=C12)C)OC1=NC=CC=C1C1=NC(=NC=C1)N[C@@H]1CNCCC1,./images/P347.png
P348,Cl.CC(CS(=O)(=O)NC1=CC=CC2=C(C(=CC=C12)C)OC1=NC=CC=C1C1=NC(=NC=C1)N[C@@H]1CNCCC1)C,./images/P348.png
P349,Cl.FC(CS(=O)(=O)NC1=CC=CC2=C(C(=CC=C12)C)OC1=NC=CC=C1C1=NC(=NC=C1)N[C@@H]1CNCCC1)(F)F,./images/P349.png
P350,Cl.FC(CCS(=O)(=O)NC1=CC=CC2=C(C(=CC=C12)C)OC1=NC=CC=C1C1=NC(=NC=C1)N[C@@H]1CNCCC1)(F)F,./images/P350.png
P351,Cl.C1(CC1)CS(=O)(=O)NC1=CC=CC2=C(C(=CC=C12)C)OC1=NC=CC=C1C1=NC(=NC=C1)N[C@@H]1CNCCC1,./images/P351.png
P352,C1(CCC1)CS(=O)(=O)NC1=CC=CC2=C(C(=CC=C12)C)OC1=NC=CC=C1C1=NC(=NC=C1)N[C@@H]1CNCCC1,./images/P352.png
P353,ClC1=C(C=CC=C1)S(=O)(=O)NC(C1=CC(=C(C=C1)C)OC1=NC=CC=C1C1=NC(=NC=C1)N[C@@H]1CNCCC1)=O,./images/P353.png
P354,FC(CCS(=O)(=O)NC1=C(C=C(C=C1)OC1=NC=CC=C1C1=NC(=NC=C1)N[C@@H]1CNCCC1)F)(F)F,./images/P354.png
P355,FC1=C(C=CC(=C1F)OC1=NC=CC=C1C1=NC(=NC=C1)N[C@@H]1CNC[C@@H](C1)C)NS(=O)(=O)CC1=CC=CC=C1,./images/P355.png
P356,ClC1=C(C=CC=C1)S(=O)(=O)NC1=CC(=C(C(=C1)C)OC1=NC=CC=C1C1=NC(=NC=C1)N[C@@H]1CNCCC1)F,./images/P356.png
P357,ClC1=C(C=CC=C1)S(=O)(=O)NC1=C(C(=C(C=C1)OC1=NC=CC=C1C1=NC(=NC=C1)N[C@@H]1CNCCC1)C)C,./images/P357.png
P358,C1(CCCCC1)CC(=O)NC1=C(C(=C(C=C1)OC1=NC=CC=C1C1=NC(=NC=C1)N[C@@H]1CNCCC1)C)C,./images/P358.png
P359,ClC1=C(C=CC=C1)S(=O)(=O)NC1=CC(=C(C(=C1)C)OC1=NC=CC=C1C1=NC(=NC=C1)N[C@@H]1CNCCC1)C,./images/P359.png
P360,ClC1=C(C=CC=C1)S(=O)(=O)NC1=CC(=CC=C1)OC1=NC=CC=C1C1=NC(=NC=C1)N[C@@H]1CNCCC1,./images/P360.png
P361,C1(=CC=CC=C1)CS(=O)(=O)NC1=CC(=CC=C1)OC1=NC=CC=C1C1=NC(=NC=C1)N[C@@H]1CNCCC1,./images/P361.png
P362,ClC1=C(C=CC=C1)S(=O)(=O)NC1=CC=C(C=C1)OC1=NC=CC=C1C1=NC(=NC=C1)N[C@@H]1CNCCC1,./images/P362.png
P363,ClC1=C(C=CC=C1)S(=O)(=O)NC1=CC(=C(C=C1)C)OC1=NC=CC=C1C1=NC(=NC=C1)N[C@@H]1CNCCC1,./images/P363.png
P364,CC1=C(C=C(C=C1)NS(=O)(=O)CC1=CC=CC=C1)OC1=NC=CC=C1C1=NC(=NC=C1)N[C@@H]1CNCCC1,./images/P364.png
P365,FC1=C(C=CC(=C1F)C1=CC2=C(N=C(N=C2)N[C@@H]2CNCCC2)N(C1=O)C)NS(=O)(=O)CC1=CC=CC=C1,./images/P365.png
P366,FC1=C(C=CC(=C1F)C1=CC2=C(N=C(N=C2)N[C@@H]2CNC[C@H](C2)F)N(C1=O)C)NS(=O)(=O)CC1=CC=CC=C1,./images/P366.png
P367,FC1=C(C2=CC=CC(=C2C=C1)C1=CC2=C(N=C(N=C2)N[C@@H]2CNCCC2)N(C1=O)C)NS(=O)(=O)CC1=CC=CC=C1,./images/P367.png
P368,FC1=C(C2=CC=CC=C2C(=C1)C1=CC2=C(N=C(N=C2)N[C@@H]2CNCCC2)N(C1=O)C)NS(=O)(=O)CC1=CC=CC=C1,./images/P368.png
P369,FC1=C(C2=CC=CC(=C2C=C1)C1=CC2=C(N=C(N=C2)N[C@@H]2CNCCC2)N(C1=O)C)NS(=O)(=O)CCC,./images/P369.png
P370,FC1=C(C=CC(=C1)C=1C=C(C=2N=C(N=CC2N1)N[C@@H]1CNC[C@H](C1)F)C)NS(=O)(=O)CC1=CC=CC=C1,./images/P370.png
P371,FC1=C(C(=CC(=C1)C=1C=C(C=2N=C(N=CC2N1)N[C@@H]1CNC[C@H](C1)F)C)F)NS(=O)(=O)CC1=CC=CC=C1,./images/P371.png
P372,FC(CCS(=O)(=O)NC1=C(C=C(C=C1)C=1C=C(C=2N=C(N=CC2N1)N[C@@H]1CNC[C@H](C1)F)C)F)(F)F,./images/P372.png
P373,FC1=C(C=CC(=C1)C=1C=C(C=2N=C(N=CC2N1)N[C@@H]1CNC[C@@](C1)(C)F)C(C)C)NS(=O)(=O)C1=CC=CC=C1,./images/P373.png
P374,FC1=C(C=CC(=C1)C=1C=C(C=2N=C(N=CC2N1)N[C@@H]1CNC[C@H](C1)F)C(C)C)NS(=O)(=O)C1=CC=CC=C1,./images/P374.png
P375,FC1=C(C=C(C(=C1F)C=1C=C(C=2N=C(N=CC2N1)N[C@@H]1CNC[C@H](C1)F)C(C)C)F)NS(=O)(=O)C1=CC=CC=C1,./images/P375.png
P376,FC(CCS(=O)(=O)NC1=C(C=C(C=C1)C=1C=C(C=2N=C(N=CC2N1)N[C@@H]1CNC[C@](C1)(C)CF)C(C)C)F)(F)F,./images/P376.png
P377,FC(CCS(=O)(=O)NC1=C(C=C(C=C1)C=1C=C(C=2N=C(N=CC2N1)N[C@@H]1CNC[C@@](C1)(C)CF)C(C)C)F)(F)F,./images/P377.png
P378,NC=1C=2N(C(=CN1)C1=CCC(CC1)NC1COC1)C(=NC2C2=CC(=C(C=C2)NS(=O)(=O)C2=C(C=CC=C2)Cl)F)C(C)C,./images/P378.png
P379,NC=1C=2N(C(=CN1)C1=CCC(CC1)NC1COC1)C(=NC2C2=CC(=C(C=C2F)NS(=O)(=O)C2=C(C=CC=C2)F)F)C(C)C,./images/P379.png
P380,NC=1C=2N(C(=CN1)C1=CCC(CC1)NC1COC1)C(=NC2C2=CC(=C(C=C2F)NS(=O)(=O)C2=C(C=CC=C2)Cl)F)C(C)C,./images/P380.png
P381,NC=1C=2N(C(=CN1)C1=CCC(CC1)NC1COC1)C(=NC2C2=C(C(=C(C=C2)NS(=O)(=O)C2=C(C=CC=C2)F)F)Cl)C(C)C,./images/P381.png
P382,NC=1C=2N(C(=CN1)C1=CCC(CC1)NC1COC1)C(=NC2C=2C=C(C(=NC2)NS(=O)(=O)C2=C(C=CC=C2)Cl)F)C(C)C,./images/P382.png
P383,FC1=C(C(=CC(=C1)C=1C=C2C=NC(=NC2=CC1)N[C@@H]1CNCCC1)F)NS(=O)(=O)CC1=CC=CC=C1,./images/P383.png
P384,FC1=C(C=CC(=C1F)C=1C(=C2C=NC(=NC2=CC1)N[C@@H]1CNCCC1)F)NS(=O)(=O)CC1=CC=CC=C1,./images/P384.png
P385,FC1=C(C(=CC(=C1)C=1C=C2C=NC(=NC2=CC1)N[C@@H]1CNC[C@H](C1)F)F)NS(=O)(=O)CC1=CC=CC=C1,./images/P385.png
P386,C1(=CC=CC=C1)CS(=O)(=O)NC1=C(C(=C(C(=C1)F)C=1C=C2C=NC(=NC2=CC1)N[C@@H]1CNCCC1)F)F,./images/P386.png
P387,FC1=C(C=CC(=C1F)C=1C=C2C=NC(=NC2=CC1F)N[C@@H]1CNCCC1)NS(=O)(=O)CC1=CC=CC=C1,./images/P387.png
P388,CN([C@@H]1C(C[C@H](CC1)NC1=NC2=C(C=C(C=C2C=N1)C=1C=CC(=NC1)NS(=O)(=O)CCC(C)(F)F)C(C)C)F)C,./images/P388.png
P389,CN([C@@H]1C(C[C@H](CC1)NC1=NC2=C(C=C(C=C2C=N1)C=1C=CC(=NC1C)NS(=O)(=O)CCC(C)(F)F)C(C)C)F)C,./images/P389.png
P390,FC1=C(C=CC(=C1)C=1C=C2C=NC(=NC2=C(C1)C(C)C)N[C@@H]1CNC[C@H](C1)F)NS(=O)(=O)CC1=NN(C=C1)C,./images/P390.png
P391,FC1=C(C=CC(=C1)C=1C=C2C=NC(=NC2=C(C1)C(C)C)N[C@@H]1CNC[C@H](C1)F)NS(=O)(=O)CC=1C=NN(C1)C,./images/P391.png
P392,FC1=C(C(=CC(=C1)C=1C=C2C=NC(=NC2=C(C1)C(C)C)N[C@@H]1CNC[C@H](C1)F)F)NS(=O)(=O)CC1=NN(C=C1)C,./images/P392.png
P393,C1CCC2=C(C=3CCCC3C=C12)CC(=O)NS(=O)(=O)C=1OC=C(C1)C(C)(C)O,./images/P393.png
P394,C(C)(C)C1=C(C(=CC=C1)C(C)C)CC(=O)NS(=O)(=O)C=1SC(=CN1)C(C)(C)O,./images/P394.png
P395,C1CCC2=C(C=3CCCC3C=C12)CC(=O)NS(=O)(=O)C=1SC(=CN1)C(C)(C)O,./images/P395.png
P396,FC1=CC(=C(C(=C1)C(C)C)CC(=O)NS(=O)(=O)C=1SC(=CN1)C(CO)(C)C)C(C)C,./images/P396.png
P397,ClC=1C=2CCCC2C(=C2CCCC12)CC(=O)NS(=O)(=O)C=1SC(=CN1)C(C)(C)O,./images/P397.png
P398,C1CCC2=C(C=3CCCC3C=C12)NC(=O)NS(=O)(=O)C=1SC(=CN1)C1(CCC1)O,./images/P398.png
P399,FC=1C(=C(C(=CC1)C(C)C)NC(=O)NS(=O)(=O)C=1OC=C(C1)C(C)(C)O)C(C)C,./images/P399.png
P400,ClC=1C(=C(C(=CC1)C(C)C)NC(=O)NS(=O)(=O)C=1OC=C(C1)C1(CC1)O)C(C)C,./images/P400.png
P401,C1CCC2=C(C=CC=C12)NC(=O)NS(=O)(=O)C=1OC=C(C1)C1(CC1)O,./images/P401.png
P402,FC1=CC(=C(C(=C1)C(C)C)NC(=O)NS(=O)(=O)C=1SC(=C(N1)C)C(C)(C)O)C(C)C,./images/P402.png
P403,FC=1C(=C(C(=CC1)C(C)C)NC(=O)NS(=O)(=O)C=1SC(=C(N1)C)C(C)(C)O)C(C)C,./images/P403.png
P404,ClC=1C(=C(C(=CC1)C(C)C)NC(=O)NS(=O)(=O)C=1SC(=C(N1)C)C(C)(C)O)C(C)C,./images/P404.png
P405,C1CCC2=C(C=3CCCC3C=C12)NC(=O)NS(=O)(=O)C,./images/P405.png
P406,C1CCC2=C(C=3CCCC3C=C12)NC(=O)NS(=O)(=O)C=1C=NN2C1CCCC2,./images/P406.png
P407,CC1(CN2C(OC1)=C(C=N2)S(=O)(=O)N)C,./images/P407.png
P408,FC1C=2N(CCC1)N=CC2S(=O)(=O)NC(NC2=C1CCCC1=CC=1CCCC21)=O,./images/P408.png
P409,CN([C@H]1CN2C(OC1)=C(C=N2)S(=O)(=O)NC(NC2=C1CCCC1=CC=1CCCC21)=O)C,./images/P409.png
P410,C(C)(=O)C1=CC=C(C=C1)S(=O)(=O)NC(NC1=C2CCCC2=CC=2CCCC12)=O,./images/P410.png
P411,ClC=1C=CC(=C(C(=O)NCCC2=CC=C(C=C2)S(NC(NC2=C3CCCC3=CC=3CCCC23)=O)(=O)=O)C1)OC,./images/P411.png
P412,C1CCC2=C(C=3CCCC3C=C12)NC(=O)NS(=O)(=O)C1=CC=C(CCNC(=O)C2=NC=C(N=C2)C)C=C1,./images/P412.png
P413,C1CCC2=C(C=3CCCC3C=C12)NC(=O)NS(=O)(=O)C1=CC=C(CCNC(=O)C2=NOC(=C2)C)C=C1,./images/P413.png
P414,C1CCC2=C(C=3CCCC3C=C12)NC(=O)NS(=O)(=O)C1=CC=C(C=C1)CCN1C(C2=CC(=CC=C2C(C1=O)(C)C)OC)=O,./images/P414.png
P415,C(C)C=1C(N(CC1C)C(=O)NCCC1=CC=C(C=C1)S(NC(NC1=C2CCCC2=CC=2CCCC12)=O)(=O)=O)=O,./images/P415.png
P416,C1CCC2=C(C=3CCCC3C=C12)NC(=O)NS(=O)(=O)C1=CC(=CO1)C(=O)OCC,./images/P416.png
P417,C1CCC2=C(C=3CCCC3C=C12)NC(=O)NS(=O)(=O)C1=CC(=CO1)C(=O)O,./images/P417.png
P418,C1CCC2=C(C=3CCCC3C=C12)NC(=O)NS(=O)(=O)C1CCN(CC1)C,./images/P418.png
P419,C1CCC2=C(C=3CCCC3C=C12)NC(=O)NS(=O)(=O)C1CCN(CC1)CC#C,./images/P419.png
P420,C(C)(=O)N1CCC(CC1)S(=O)(=O)NC(NC1=C2CCCC2=CC=2CCCC12)=O,./images/P420.png
P421,C1CCC2=C(C=3CCCC3C=C12)NC(=O)NS(=O)(=O)C1CCNCC1,./images/P421.png
P422,C1CCC2=C(C=3CCCC3C=C12)NC(=O)NS(=O)(=O)C1CCN(CC1)C(=O)NC(C)C,./images/P422.png
P423,C1CCC2=C(C=3CCCC3C=C12)NC(=O)NS(=O)(=O)C1=NC=CN=C1,./images/P423.png
P424,C1CCC2=C(C=3CCCC3C=C12)NC(=O)NS(=O)(=O)C=1N=NC=CC1,./images/P424.png
P425,C1CCC2=C(C=3CCCC3C=C12)NC(=O)NS(=O)(=O)C1=NC=CC=N1,./images/P425.png
P426,C1CCC2=C(C=3CCCC3C=C12)NC(=O)NS(=O)(=O)C=1N=NC(=CC1)C,./images/P426.png
P427,C(C)(C)C1=C(C(=CC=C1)C(C)C)NC(=O)NS(=O)(=O)C=1N=NC(=CC1)C,./images/P427.png
P428,NC1=NC2=CC(=CC=C2C=C1CCCO)C1=NNC=C1,./images/P428.png
P429,NC1=NC2=CC(=CC=C2C=C1CCCCO)C1=NNC=C1,./images/P429.png
P430,FC1=CC(=C(C(=C1)C(C)C)NC(=O)NS(=O)(=N)C1=CC=C(C=C1)C(C)(C)O)C(C)C,./images/P430.png
P431,FC(F)OC1=CC(C(C)C)=C(NC(N=S(N)(C2=CN=C(C(C)(O)C)S2)=O)=O)C(C3CC3)=C1,./images/P431.png
P432,C1CCC2=C(C=3CCCC3C=C12)NC(=O)OCC(=O)OCC,./images/P432.png
P433,FC1=C(C(=CC=C1)F)NC(=O)OCC(=O)OCC,./images/P433.png
P434,ClC1=C(C(=CC=C1)Cl)NC(=O)OCC(=O)OCC,./images/P434.png
P435,C1(=CC=CC2=CC=CC=C12)NC(=O)OCC(=O)OCC,./images/P435.png
P436,CC1(OC2=C(C1)C=CC=C2NC(=O)OCC(=O)OCC)C,./images/P436.png
P437,FC1=CC(=C(C(=C1)C=1C=NC=CC1)NC(=O)NS(=O)(=O)C1=NN(C=C1)C(C)C)C(C)C,./images/P437.png
P438,FC1=CC(C(C)C)=C(NC(NS(=O)(C2=NN(C(C)C)C=C2)=O)=O)C(C3=CN(C)N=C3)=C1,./images/P438.png
P439,FC1=CC(C(C)C)=C(NC(NS(=O)(C2=NN(C(C)C)C=C2)=O)=O)C(C3=CN(C)C=N3)=C1,./images/P439.png
P440,FC=1C=C(C(=C(C1)C1=CC=CC=C1)NC(=O)NS(=O)(=O)C1=NN(C=C1)C(C)C)C(C)C,./images/P440.png
P441,FC1=CC(C(C)C)=C(NC(NS(=O)(C2=NN(C(C)C)C=C2)=O)=O)C(C3=CC=NN3C)=C1,./images/P441.png
P442,C1(CCCC1)N(C(=O)C1=CC(=NN1C)S(NC(NC1=C2CCCC2=CC=2CCCC12)=O)(=O)=O)C,./images/P442.png
P443,C(C)(=O)NCCN(C(=O)C1=CC(=NN1C)S(NC(NC1=C2CCCC2=CC=2CCCC12)=O)(=O)=O)C,./images/P443.png
P444,C1CCC2=C(C=3CCCC3C=C12)NC(=O)NS(=O)(=O)C1=NN(C(=C1)C(=O)N(C1CCOCC1)C)C,./images/P444.png
P445,C1CCC2=C(C=3CCCC3C=C12)NC(=O)NS(=O)(=O)C1=NN(C(=C1)C(=O)N(CCO)CCO)C,./images/P445.png
P446,C1CCC2=C(C=3CCCC3C=C12)NC(=O)NS(=O)(=O)C1=NN(C(=C1)C(=O)N(C1COC1)C)C,./images/P446.png
P447,C1CCC2=C(C=3CCCC3C=C12)NC(=O)NS(=O)(=O)C1=NN(C(=C1)C(=O)N(C)CCCO)C,./images/P447.png
P448,C1CCC2=C(C=3CCCC3C=C12)NC(=O)NS(=O)(=O)C1=NN(C(=C1)C(=O)O)CCNC,./images/P448.png
P449,CN(CCN1N=C(C=C1)S(=O)(=O)NC(NC1=C2CCCC2=CC=2CCCC12)=O)C,./images/P449.png
P450,CN(CCN1N=C(C=C1CN(C)C)S(=O)(=O)NC(NC1=C2CCCC2=CC=2CCCC12)=O)C,./images/P450.png
P451,CN(CCN1N=C(C=C1C(C)(C)O)S(=O)(=O)NC(NC1=C2CCCC2=CC=2CCCC12)=O)C,./images/P451.png
P452,C1CCC2=C(C=3CCCC3C=C12)NC(=O)NS(=O)(=O)C1=NN2C(CN(CC2)C)=C1,./images/P452.png
P453,C1CCC2=C(C=3CCCC3C=C12)NC(=O)NS(=O)(=O)\C=C\C=1SC=C(N1)C(C)(C)O,./images/P453.png
P454,C1CCC2=C(C=3CCCC3C=C12)NC(=O)NS(=O)(=O)\C=C\C1=CC=C(C=C1)OCCCS(=O)(=O)C,./images/P454.png
P455,C1CCC2=C(C=3CCCC3C=C12)NC(=O)NS(=O)(=O)\C=C\C1=NC2=CC=CC=C2C=C1,./images/P455.png
P456,C1CCC2=C(C=3CCCC3C=C12)NC(=O)NS(=O)(=O)\C=C\C1=NC=CN=C1,./images/P456.png
P457,C(C)N1C(=NC=C1)/C=C/S(=O)(=O)NC(NC1=C2CCCC2=CC=2CCCC12)=O,./images/P457.png
P458,ClC=1C(=NN(C1)C(C)C)S(=O)(NC(NC1=C2CCCC2=CC=C1C1=CC(=NC=C1)OC)=O)=N,./images/P458.png
P459,ClC=1C(=NN(C1)C(C)C)S(=O)(NC(NC1=C(C=C(C=C1C1=CC(=NC=C1)OC)F)C(C)C)=O)=N,./images/P459.png
P460,C(C)(C)N1N=C(C=C1)S(=O)(NC(NC1=C2CCCC2=CC=C1C1=CC(=NC=C1)OC)=O)=N,./images/P460.png
P461,C1CCC2=C(C=3CCCC3C=C12)NC(=O)NS(=O)(=O)C1=NN(C=C1)C(C)C(C)O,./images/P461.png
P462,FC1=CC(=C(C(=C1)C(C)C)NC(=O)NS(=O)(=O)C1=NN(C=C1)C[C@@H](C)O)C(C)C,./images/P462.png
P463,C1CCC2=C(C=3CCCC3C=C12)NC(=O)NS(=O)(=O)C=1N=CN(C1)C[C@@H](C)O,./images/P463.png
P464,C1CCC2=C(C=3CCCC3C=C12)NC(=O)NS(=O)(=O)C=1N=CN(C1)C[C@H](C)O,./images/P464.png
P465,N#CCN1N=CC(N(C2CCN(C)CC2)S(=O)([N-]C(NC3=C4CCCC4=CC5=C3CCC5)=O)=O)=C1.[Na+],./images/P465.png
P466,CCN1CCC(N(C2=CN(C)N=C2)S(=O)([N-]C(NC3=C4CCCC4=CC5=C3CCC5)=O)=O)CC1.[Na+],./images/P466.png
P467,FC(F)N1N=CC(N(C2CCN(C)CC2)S(=O)([N-]C(NC3=C4CCCC4=CC5=C3CCC5)=O)=O)=C1.[Na+],./images/P467.png
P468,O=C(NS(=O)(C1=NN(C(C)C)C(C2(OC)COC2)=C1)=O)CC3=C4CCCC4=CC5=C3CCC5,./images/P468.png
P469,C(#N)C1=NC=CC(=C1)C=1C(=C2CCCC2=CC1)CC(=O)NS(=O)(=O)C1=NN(C(=C1)C1(COC1)OC)C(C)C,./images/P469.png
P470,C1(CC1)N1N=C(C=C1C1(COC1)OC)S(=O)(=O)NC(CC1=C2CCCC2=CC=2CCCC12)=O,./images/P470.png
P471,C1CCC2=C(C=3CCCC3C=C12)CC(=O)NS(=O)(=O)C1=NN(C=C1)CC(C)(C)OC,./images/P471.png
P472,FC1=CC(C(C)C)=C(CC(NS(=O)(C2=NN(C(C)C)C(C3(OC)COC3)=C2)=O)=O)C(C(C)C)=C1,./images/P472.png
P473,NC1=NC=2C=C(C=CC2C=2C1=NN(C2)CCN2C(C1=CC=CC=C1C2)=O)C2=NNC=C2,./images/P473.png
P474,NC1=NC=2C=C(C=CC2C=2C1=NN(C2)CCN2C(C1=CC(=CC=C1C2)F)=O)C2=NNC=C2,./images/P474.png
P475,NC1=NC=2C=C(C=CC2C=2C1=NN(C2)CCN2C(C1=CC=C(C=C1C2)Cl)=O)C2=NNC=C2,./images/P475.png
P476,NC1=NC=2C=C(C=CC2C=2C1=NN(C2)CCNC(OC2=CC=CC=C2)=O)C2=NNC=C2,./images/P476.png
P477,NC1=NC=2C=C(C=CC2C=2C1=NN(C2)CCN2C(CCC2)=O)C2=NNC=C2,./images/P477.png
P478,CN1CCC(CC1)OC1=NC=CC(=C1)C1=C(C=2CCCC2C=C1)N,./images/P478.png
P479,O1CCC(CC1)COC1=NC=CC(=C1)C1=C(C=2CCCC2C=C1)N,./images/P479.png
P480,CC1OCCC(C1)OC1=NC=CC(=C1)C1=C(C=2CCCC2C=C1)N,./images/P480.png
P481,C(C1=CC=CC=C1)OC1=NC=CC(=C1)C1=C(C=2CCCC2C=C1)N,./images/P481.png
P482,CN1CCC(CC1)COC1=NC=CC(=C1)C1=C(C=2CCCC2C=C1)N,./images/P482.png
P483,C1CCC2=C(C=3CCCC3C=C12)CC(=O)NS(=O)(=O)C=1OC=C(C1)C(C)(C)O,./images/P483.png
P484,C(C)(C)C1=C(C(=CC=C1)C(C)C)CC(=O)NS(=O)(=O)C=1SC(=CN1)C(C)(C)O,./images/P484.png
P485,C1CCC2=C(C=3CCCC3C=C12)CC(=O)NS(=O)(=O)C=1SC(=CN1)C(C)(C)O,./images/P485.png
P486,FC1=CC(=C(C(=C1)C(C)C)CC(=O)NS(=O)(=O)C=1SC(=CN1)C(CO)(C)C)C(C)C,./images/P486.png
P487,ClC=1C=2CCCC2C(=C2CCCC12)CC(=O)NS(=O)(=O)C=1SC(=CN1)C(C)(C)O,./images/P487.png
P488,ClC1=C(C(=C(C(=C1)C(C)C)CC(=O)NS(=O)(=N)C=1SC(=CC1F)C(C)(C)O)C1CC1)F,./images/P488.png
P489,FC(OC1=CC(=C(C(=C1)C(C)C)CC(=O)NS(=O)(=N)C=1SC(=CC1F)C(C)(C)O)C(C)C)F,./images/P489.png
P490,C1CCC2=C(C=3CCCC3C=C12)CC(=O)NS(=O)(=N)C1=C(N=C(S1)C(C)(C)O)CO,./images/P490.png
P491,C(#N)C1=CC(=C(C(=C1)C(C)C)CC(=O)NS(=O)(=N)C1=C(N=C(S1)C(C)(C)O)CO)C(C)C,./images/P491.png
P492,C(#N)C1=C(C(=C(C(=C1)C1CC1)CC(=O)NS(=O)(=N)C=1SC(=CC1F)C(C)(C)O)C(C)C)F,./images/P492.png
P493,O[C@H]1CC2(CCC1(CC2)NC(=O)COC1=CC(=CC=C1)C(F)(F)F)NC(=O)COC1=CC(F)=C(Cl)C=C1,./images/P493.png
P494,CC1=CC(OCC(=O)NC23CCC(CC2)(C[C@@H]3O)NC(=O)COC2=CC(F)=C(Cl)C=C2)=CC(C)=C1,./images/P494.png
P495,CC1=CC(OCC(=O)NC23CCC(CC2)(C[C@@H]3O)NC(=O)COC2=CC(F)=C(Cl)C=C2)=CC(C)=C1C,./images/P495.png
P496,CS(=O)(=O)C1=CC=C(OCC(=O)NC23CCC(CC2)(C[C@@H]3O)NC(=O)COC2=CC(F)=C(Cl)C=C2)C=C1,./images/P496.png
P497,O[C@H]1CC2(CCC1(CC2)NC(=O)COC1=CC=C(OC(F)(F)F)C=C1)NC(=O)COC1=CC(F)=C(Cl)C=C1,./images/P497.png
P498,O[C@H]1CC2(CCC1(CC2)NC(=O)COC1=CC2=C(C=NN2)C(F)=C1)NC(=O)COC1=CC2=C(C=NN2)C(F)=C1,./images/P498.png
P499,CN(CCO)C1CC2(CCC1(CC2)NC(=O)COC1=CC(F)=C(Cl)C=C1)NC(=O)COC1=CC(F)=C(Cl)C=C1,./images/P499.png
P500,CNC(CC(=O)NC12CCC(CC1)(NC(=O)COC1=CC(F)=C(Cl)C=C1)[C@@H](O)C2)C1=CC=C(Cl)C=C1,./images/P500.png
P501,O[C@H]1CC2(CCC1(CC2)NC(=O)COC1=CC(F)=C(Cl)C=C1)NC(=O)CC(NC1COC1)C1=CC=C(Cl)C=C1,./images/P501.png
P502,FC1=C(Cl)C=CC(OCC(=O)NC23CCC(CC2)(NC(=O)COC2=CC(F)=C(Cl)C=C2)C(C3)NCC(F)(F)F)=C1,./images/P502.png
P503,FC1=C(Cl)C=CC(OCC(=O)NC23CCC(CC2)(NC(=O)COC2=CC(F)=C(Cl)C=C2)C(C3)N2CC(F)(F)C2)=C1,./images/P503.png
P504,COCC1CC2(CCC1(CC2)NC(=O)COC1=CC(F)=C(Cl)C=C1)NC(=O)COC1=CC(F)=C(Cl)C=C1,./images/P504.png
P505,OC(=O)C1=CC2(CCC1(CC2)NC(=O)COC1=CC(F)=C(Cl)C=C1)NC(=O)COC1=CC(F)=C(Cl)C=C1,./images/P505.png
P506,COC(=O)C1=CC2(CCC1(CC2)NC(=O)COC1=CC(F)=C(Cl)C=C1)NC(=O)COC1=CC(F)=C(Cl)C=C1,./images/P506.png
P507,OC1CN(C1)C1CC2(CCC1(CC2)NC(=O)COC1=CC(F)=C(Cl)C=C1)NC(=O)COC1=CC(F)=C(Cl)C=C1,./images/P507.png
P508,O[C@H]1CC2(CCC1(CC2)NC(=O)COC1=CC=C(N=C1)C(F)(F)F)NC(=O)COC1=CC2=C(C=NN2)C(F)=C1,./images/P508.png
P509,FC1=CC(OCC(=O)NC23CC(C2)(C3)C2CN(CC3CCC3)C(=O)O2)=CC=C1Cl,./images/P509.png
P510,FC1=C(Cl)C=CC(OCC(=O)NC23CC(C2)(C3)N2CC(COC(F)(F)F)CC2=O)=C1,./images/P510.png
P511,FC1=CC(OCC(=O)NC23CC(C2)(C3)N2CCC(COC(F)(F)F)C2=O)=CC=C1Cl,./images/P511.png
P512,FC1=C(Cl)C=CC(OCC(=O)NC23CC(C2)(C3)N2CC(COC(F)(F)F)OC2=O)=C1,./images/P512.png
P513,FC1=CC(OCC(=O)NC23CC(C2)(C3)N2CC(OC2=O)C2CN(CC(F)(F)F)C2)=CC=C1Cl,./images/P513.png
P514,FC(F)(F)OCCN1C=CC(=N1)C(=O)NC12CC(C1)(C2)C1=NN=C(O1)[C@@H]1C[C@@H](C1)OC(F)(F)F,./images/P514.png
P515,FC(F)(F)O[C@@H]1C[C@H](COCC(=O)NC23CC(C2)(C3)C2=NN=C(O2)[C@@H]2C[C@@H](C2)OC(F)(F)F)C1,./images/P515.png
P516,FC1=CC(=CC=C1Cl)C1=CN=C(O1)C12CC(C1)(C2)NC(=O)CO[C@H]1C[C@H](C1)OC(F)(F)F,./images/P516.png
P517,FC1=C(Cl)C=CC(=C1)N1C=NC(=C1)C12CC(C1)(C2)NC(=O)CO[C@H]1C[C@H](C1)OC(F)(F)F,./images/P517.png
P518,FC1=CC=C(C=C1F)C1=CN(C=N1)C12CC(C1)(C2)NC(=O)[C@@H]1C[C@@H](C1)OCCOC(F)(F)F,./images/P518.png
P519,FC1=CC(=CC=C1Cl)C1=CN(C=N1)C12CC(C1)(C2)NC(=O)CO[C@H]1C[C@H](C1)N1N=CC=N1,./images/P519.png
P520,FC(F)(F)O[C@@H]1C[C@@H](C1)OCC(=O)NC12CC(C1)(C2)N1C=NC(=C1)C1=CN=C(N=C1)C(F)(F)F,./images/P520.png
